sample	percent	reads	taxon_id	taxon_name
bcAd1023T--bcAd1023T	63.375179	132662	286	Pseudomonas
bcAd1023T--bcAd1023T	15.384468	32204	544	Citrobacter
bcAd1023T--bcAd1023T	9.842448	20603	28453	Sphingobacterium
bcAd1023T--bcAd1023T	3.832741	8023	308865	Elizabethkingia
bcAd1023T--bcAd1023T	2.802301	5866	579	Kluyvera
bcAd1023T--bcAd1023T	0.834098	1746	283	Comamonas
bcAd1023T--bcAd1023T	0.623901	1306	28100	Phyllobacterium
bcAd1023T--bcAd1023T	0.462910	969	40323	Stenotrophomonas
bcAd1023T--bcAd1023T	0.249847	523	1637	Listeria
bcAd1023T--bcAd1023T	0.178667	374	191	Azospirillum
bcAd1023T--bcAd1023T	0.096499	202	561	Escherichia
bcAd1023T--bcAd1023T	0.089333	187	517	Bordetella
bcAd1023T--bcAd1023T	0.085989	180	642	Aeromonas
bcAd1023T--bcAd1023T	0.078346	164	568	Hafnia
bcAd1023T--bcAd1023T	0.077391	162	59732	Chryseobacterium
bcAd1023T--bcAd1023T	0.061148	128	1350	Enterococcus
bcAd1023T--bcAd1023T	0.037740	79	662	Vibrio
bcAd1023T--bcAd1023T	0.027708	58	590	Salmonella
bcAd1023T--bcAd1023T	0.021020	44	379	Rhizobium
bcAd1023T--bcAd1023T	0.016242	34	357	Agrobacterium
bcAd1023T--bcAd1023T	0.015287	32	338	Xanthomonas
bcAd1023T--bcAd1023T	0.011943	25	68287	Mesorhizobium
bcAd1023T--bcAd1023T	0.010032	21	570	Klebsiella
bcAd1023T--bcAd1023T	0.008121	17	352	Azotobacter
bcAd1023T--bcAd1023T	0.008121	17	31988	Aminobacter
bcAd1023T--bcAd1023T	0.008121	17	80865	Delftia
bcAd1023T--bcAd1023T	0.007644	16	2782231	Kaistella
bcAd1023T--bcAd1023T	0.005255	11	613	Serratia
bcAd1023T--bcAd1023T	0.004777	10	620	Shigella
bcAd1023T--bcAd1023T	0.004777	10	119977	Acidithiobacillus
bcAd1023T--bcAd1023T	0.004299	9	106589	Cupriavidus
bcAd1023T--bcAd1023T	0.004299	9	106591	Ensifer
bcAd1023T--bcAd1023T	0.004299	9	2891322	Parazoarcus
bcAd1023T--bcAd1023T	0.003822	8	234	Brucella
bcAd1023T--bcAd1023T	0.003822	8	547	Enterobacter
bcAd1023T--bcAd1023T	0.002866	6	12916	Acidovorax
bcAd1023T--bcAd1023T	0.002866	6	41275	Brevundimonas
bcAd1023T--bcAd1023T	0.002866	6	46913	Devosia
bcAd1023T--bcAd1023T	0.002866	6	1612611	Pararhizobium
bcAd1023T--bcAd1023T	0.002389	5	28105	Sinorhizobium
bcAd1023T--bcAd1023T	0.002389	5	93217	Pandoraea
bcAd1023T--bcAd1023T	0.002389	5	238749	Diaphorobacter
bcAd1023T--bcAd1023T	0.001911	4	581	Morganella
bcAd1023T--bcAd1023T	0.001911	4	32008	Burkholderia
bcAd1023T--bcAd1023T	0.001911	4	354349	Pseudochrobactrum
bcAd1023T--bcAd1023T	0.001433	3	279	Xanthobacter
bcAd1023T--bcAd1023T	0.001433	3	374	Bradyrhizobium
bcAd1023T--bcAd1023T	0.001433	3	629	Yersinia
bcAd1023T--bcAd1023T	0.001433	3	78526	Allorhizobium
bcAd1023T--bcAd1023T	0.001433	3	84567	Pedobacter
bcAd1023T--bcAd1023T	0.001433	3	323620	Shinella
bcAd1023T--bcAd1023T	0.001433	3	391952	Aquincola
bcAd1023T--bcAd1023T	0.001433	3	2891324	Pseudothauera
bcAd1023T--bcAd1023T	0.000955	2	22	Shewanella
bcAd1023T--bcAd1023T	0.000955	2	469	Acinetobacter
bcAd1023T--bcAd1023T	0.000955	2	528	Ochrobactrum
bcAd1023T--bcAd1023T	0.000955	2	745	Pasteurella
bcAd1023T--bcAd1023T	0.000955	2	2370	Xylella
bcAd1023T--bcAd1023T	0.000955	2	93681	Roseateles
bcAd1023T--bcAd1023T	0.000955	2	166953	Kaistia
bcAd1023T--bcAd1023T	0.000955	2	1330545	Lelliottia
bcAd1023T--bcAd1023T	0.000955	2	2778525	Profundibacter
bcAd1023T--bcAd1023T	0.000478	1	20	Phenylobacterium
bcAd1023T--bcAd1023T	0.000478	1	68	Lysobacter
bcAd1023T--bcAd1023T	0.000478	1	265	Paracoccus
bcAd1023T--bcAd1023T	0.000478	1	1883	Streptomyces
bcAd1023T--bcAd1023T	0.000478	1	34072	Variovorax
bcAd1023T--bcAd1023T	0.000478	1	59734	Empedobacter
bcAd1023T--bcAd1023T	0.000478	1	73029	Dechloromonas
bcAd1023T--bcAd1023T	0.000478	1	79328	Chitinophaga
bcAd1023T--bcAd1023T	0.000478	1	83654	Leclercia
bcAd1023T--bcAd1023T	0.000478	1	125216	Roseomonas
bcAd1023T--bcAd1023T	0.000478	1	160674	Raoultella
bcAd1023T--bcAd1023T	0.000478	1	204037	Dickeya
bcAd1023T--bcAd1023T	0.000478	1	204456	Gemmobacter
bcAd1023T--bcAd1023T	0.000478	1	204476	Labrys
bcAd1023T--bcAd1023T	0.000478	1	228398	Streptacidiphilus
bcAd1023T--bcAd1023T	0.000478	1	231454	Dyella
bcAd1023T--bcAd1023T	0.000478	1	240411	Chitinimonas
bcAd1023T--bcAd1023T	0.000478	1	245876	Nitratireductor
bcAd1023T--bcAd1023T	0.000478	1	293088	Martelella
bcAd1023T--bcAd1023T	0.000478	1	349742	Sedimenticola
bcAd1023T--bcAd1023T	0.000478	1	414371	Aureimonas
bcAd1023T--bcAd1023T	0.000478	1	423349	Mucilaginibacter
bcAd1023T--bcAd1023T	0.000478	1	447792	Phytobacter
bcAd1023T--bcAd1023T	0.000478	1	478070	Labrenzia
bcAd1023T--bcAd1023T	0.000478	1	504465	Rhodovastum
bcAd1023T--bcAd1023T	0.000478	1	1330547	Kosakonia
bcAd1023T--bcAd1023T	0.000478	1	1632780	Phreatobacter
bcAd1023T--bcAd1023T	0.000478	1	1769012	Arachidicoccus
bcAd1023T--bcAd1023T	0.000478	1	2675231	Mesobacillus
bcAd1023T--bcAd1023T	0.000478	1	2901164	Stutzerimonas
bcAd1023T--bcAd1023T	0.000478	1	2911176	Aquibium
bcAd1023T--bcAd1023T	0.000478	1	10239	Viruses
bcAd1023T--bcAd1023T	1.617557	3386	NA	cannot be assigned to a (non-viral) genus
bcAd1023T--bcAd1023T	0.040128	84	NA	unclassified
sample	percent	reads	taxon_id	taxon_name
bcAd1037T--bcAd1037T	52.680866	143440	286	Pseudomonas
bcAd1037T--bcAd1037T	24.658718	67141	544	Citrobacter
bcAd1037T--bcAd1037T	4.518861	12304	1350	Enterococcus
bcAd1037T--bcAd1037T	4.122579	11225	308865	Elizabethkingia
bcAd1037T--bcAd1037T	3.396124	9247	28453	Sphingobacterium
bcAd1037T--bcAd1037T	1.812466	4935	357	Agrobacterium
bcAd1037T--bcAd1037T	1.802182	4907	642	Aeromonas
bcAd1037T--bcAd1037T	1.375417	3745	165695	Sphingobium
bcAd1037T--bcAd1037T	0.657042	1789	106589	Cupriavidus
bcAd1037T--bcAd1037T	0.640515	1744	517	Bordetella
bcAd1037T--bcAd1037T	0.356984	972	6	Azorhizobium
bcAd1037T--bcAd1037T	0.324665	884	581	Morganella
bcAd1037T--bcAd1037T	0.182165	496	561	Escherichia
bcAd1037T--bcAd1037T	0.117893	321	28100	Phyllobacterium
bcAd1037T--bcAd1037T	0.117526	320	1637	Listeria
bcAd1037T--bcAd1037T	0.084472	230	283	Comamonas
bcAd1037T--bcAd1037T	0.061701	168	186650	Microvirga
bcAd1037T--bcAd1037T	0.058028	158	379	Rhizobium
bcAd1037T--bcAd1037T	0.053988	147	590	Salmonella
bcAd1037T--bcAd1037T	0.048847	133	662	Vibrio
bcAd1037T--bcAd1037T	0.028280	77	338	Xanthomonas
bcAd1037T--bcAd1037T	0.027178	74	33057	Thauera
bcAd1037T--bcAd1037T	0.023138	63	568	Hafnia
bcAd1037T--bcAd1037T	0.022403	61	13687	Sphingomonas
bcAd1037T--bcAd1037T	0.022403	61	59732	Chryseobacterium
bcAd1037T--bcAd1037T	0.020200	55	352	Azotobacter
bcAd1037T--bcAd1037T	0.010283	28	570	Klebsiella
bcAd1037T--bcAd1037T	0.009916	27	28105	Sinorhizobium
bcAd1037T--bcAd1037T	0.008080	22	119977	Acidithiobacillus
bcAd1037T--bcAd1037T	0.005876	16	579	Kluyvera
bcAd1037T--bcAd1037T	0.005876	16	165696	Novosphingobium
bcAd1037T--bcAd1037T	0.005876	16	165697	Sphingopyxis
bcAd1037T--bcAd1037T	0.005142	14	93681	Roseateles
bcAd1037T--bcAd1037T	0.004774	13	620	Shigella
bcAd1037T--bcAd1037T	0.004407	12	106591	Ensifer
bcAd1037T--bcAd1037T	0.003673	10	547	Enterobacter
bcAd1037T--bcAd1037T	0.003673	10	323620	Shinella
bcAd1037T--bcAd1037T	0.003673	10	2782231	Kaistella
bcAd1037T--bcAd1037T	0.002938	8	374	Bradyrhizobium
bcAd1037T--bcAd1037T	0.002938	8	68287	Mesorhizobium
bcAd1037T--bcAd1037T	0.002571	7	222	Achromobacter
bcAd1037T--bcAd1037T	0.001836	5	76831	Myroides
bcAd1037T--bcAd1037T	0.001836	5	78526	Allorhizobium
bcAd1037T--bcAd1037T	0.001836	5	2675231	Mesobacillus
bcAd1037T--bcAd1037T	0.001469	4	234	Brucella
bcAd1037T--bcAd1037T	0.001469	4	31988	Aminobacter
bcAd1037T--bcAd1037T	0.001469	4	302485	Phaeobacter
bcAd1037T--bcAd1037T	0.001469	4	2891324	Pseudothauera
bcAd1037T--bcAd1037T	0.001102	3	407	Methylobacterium
bcAd1037T--bcAd1037T	0.001102	3	469	Acinetobacter
bcAd1037T--bcAd1037T	0.000735	2	1279	Staphylococcus
bcAd1037T--bcAd1037T	0.000735	2	2370	Xylella
bcAd1037T--bcAd1037T	0.000735	2	85413	Bosea
bcAd1037T--bcAd1037T	0.000735	2	1295327	Croceicoccus
bcAd1037T--bcAd1037T	0.000735	2	1525371	Neorhizobium
bcAd1037T--bcAd1037T	0.000735	2	1612611	Pararhizobium
bcAd1037T--bcAd1037T	0.000367	1	279	Xanthobacter
bcAd1037T--bcAd1037T	0.000367	1	528	Ochrobactrum
bcAd1037T--bcAd1037T	0.000367	1	629	Yersinia
bcAd1037T--bcAd1037T	0.000367	1	635	Edwardsiella
bcAd1037T--bcAd1037T	0.000367	1	745	Pasteurella
bcAd1037T--bcAd1037T	0.000367	1	898	Desulfomicrobium
bcAd1037T--bcAd1037T	0.000367	1	1041	Erythrobacter
bcAd1037T--bcAd1037T	0.000367	1	1883	Streptomyces
bcAd1037T--bcAd1037T	0.000367	1	29580	Janthinobacterium
bcAd1037T--bcAd1037T	0.000367	1	52972	Polaromonas
bcAd1037T--bcAd1037T	0.000367	1	59734	Empedobacter
bcAd1037T--bcAd1037T	0.000367	1	84567	Pedobacter
bcAd1037T--bcAd1037T	0.000367	1	93217	Pandoraea
bcAd1037T--bcAd1037T	0.000367	1	137583	Thalassomonas
bcAd1037T--bcAd1037T	0.000367	1	150203	Blastomonas
bcAd1037T--bcAd1037T	0.000367	1	166953	Kaistia
bcAd1037T--bcAd1037T	0.000367	1	204456	Gemmobacter
bcAd1037T--bcAd1037T	0.000367	1	238749	Diaphorobacter
bcAd1037T--bcAd1037T	0.000367	1	354349	Pseudochrobactrum
bcAd1037T--bcAd1037T	0.000367	1	390846	Echinicola
bcAd1037T--bcAd1037T	0.000367	1	551759	Aromatoleum
bcAd1037T--bcAd1037T	0.000367	1	665874	Limnohabitans
bcAd1037T--bcAd1037T	0.000367	1	1594166	Oricola
bcAd1037T--bcAd1037T	0.000367	1	1648508	Ciceribacter
bcAd1037T--bcAd1037T	0.000367	1	1649486	Rhizorhabdus
bcAd1037T--bcAd1037T	0.000367	1	1734920	Pseudorhodoplanes
bcAd1037T--bcAd1037T	0.000367	1	1769012	Arachidicoccus
bcAd1037T--bcAd1037T	0.000367	1	1822464	Paraburkholderia
bcAd1037T--bcAd1037T	0.000367	1	1827478	Youhaiella
bcAd1037T--bcAd1037T	0.000367	1	2778525	Profundibacter
bcAd1037T--bcAd1037T	0.000367	1	3114547	Rhizosphaericola
bcAd1037T--bcAd1037T	0.002938	8	10239	Viruses
bcAd1037T--bcAd1037T	2.615313	7121	NA	cannot be assigned to a (non-viral) genus
bcAd1037T--bcAd1037T	0.058028	158	NA	unclassified
sample	percent	reads	taxon_id	taxon_name
bcAd1039T--bcAd1039T	45.513580	137649	286	Pseudomonas
bcAd1039T--bcAd1039T	31.627953	95654	544	Citrobacter
bcAd1039T--bcAd1039T	5.833651	17643	308865	Elizabethkingia
bcAd1039T--bcAd1039T	3.164978	9572	1350	Enterococcus
bcAd1039T--bcAd1039T	2.925587	8848	28453	Sphingobacterium
bcAd1039T--bcAd1039T	1.890654	5718	165695	Sphingobium
bcAd1039T--bcAd1039T	1.699208	5139	357	Agrobacterium
bcAd1039T--bcAd1039T	0.623274	1885	265	Paracoccus
bcAd1039T--bcAd1039T	0.487377	1474	283	Comamonas
bcAd1039T--bcAd1039T	0.428191	1295	106589	Cupriavidus
bcAd1039T--bcAd1039T	0.387852	1173	581	Morganella
bcAd1039T--bcAd1039T	0.378263	1144	517	Bordetella
bcAd1039T--bcAd1039T	0.326020	986	6	Azorhizobium
bcAd1039T--bcAd1039T	0.320730	970	642	Aeromonas
bcAd1039T--bcAd1039T	0.222197	672	561	Escherichia
bcAd1039T--bcAd1039T	0.221205	669	1637	Listeria
bcAd1039T--bcAd1039T	0.175575	531	191	Azospirillum
bcAd1039T--bcAd1039T	0.137550	416	28100	Phyllobacterium
bcAd1039T--bcAd1039T	0.073404	222	590	Salmonella
bcAd1039T--bcAd1039T	0.063154	191	662	Vibrio
bcAd1039T--bcAd1039T	0.048275	146	379	Rhizobium
bcAd1039T--bcAd1039T	0.047283	143	186650	Microvirga
bcAd1039T--bcAd1039T	0.029097	88	13687	Sphingomonas
bcAd1039T--bcAd1039T	0.023145	70	59732	Chryseobacterium
bcAd1039T--bcAd1039T	0.020170	61	338	Xanthomonas
bcAd1039T--bcAd1039T	0.018847	57	352	Azotobacter
bcAd1039T--bcAd1039T	0.017855	54	568	Hafnia
bcAd1039T--bcAd1039T	0.012565	38	570	Klebsiella
bcAd1039T--bcAd1039T	0.009258	28	165696	Novosphingobium
bcAd1039T--bcAd1039T	0.008928	27	28105	Sinorhizobium
bcAd1039T--bcAd1039T	0.008266	25	620	Shigella
bcAd1039T--bcAd1039T	0.007274	22	165697	Sphingopyxis
bcAd1039T--bcAd1039T	0.006613	20	80865	Delftia
bcAd1039T--bcAd1039T	0.006282	19	579	Kluyvera
bcAd1039T--bcAd1039T	0.006282	19	119977	Acidithiobacillus
bcAd1039T--bcAd1039T	0.004298	13	106591	Ensifer
bcAd1039T--bcAd1039T	0.004298	13	323620	Shinella
bcAd1039T--bcAd1039T	0.003968	12	469	Acinetobacter
bcAd1039T--bcAd1039T	0.003968	12	68287	Mesorhizobium
bcAd1039T--bcAd1039T	0.003637	11	302485	Phaeobacter
bcAd1039T--bcAd1039T	0.003306	10	547	Enterobacter
bcAd1039T--bcAd1039T	0.003306	10	349742	Sedimenticola
bcAd1039T--bcAd1039T	0.003306	10	2782231	Kaistella
bcAd1039T--bcAd1039T	0.002976	9	93681	Roseateles
bcAd1039T--bcAd1039T	0.001984	6	2891324	Pseudothauera
bcAd1039T--bcAd1039T	0.001653	5	12916	Acidovorax
bcAd1039T--bcAd1039T	0.001653	5	33057	Thauera
bcAd1039T--bcAd1039T	0.001653	5	1295327	Croceicoccus
bcAd1039T--bcAd1039T	0.001653	5	2891322	Parazoarcus
bcAd1039T--bcAd1039T	0.001323	4	234	Brucella
bcAd1039T--bcAd1039T	0.001323	4	374	Bradyrhizobium
bcAd1039T--bcAd1039T	0.001323	4	32008	Burkholderia
bcAd1039T--bcAd1039T	0.001323	4	78526	Allorhizobium
bcAd1039T--bcAd1039T	0.001323	4	238749	Diaphorobacter
bcAd1039T--bcAd1039T	0.001323	4	240411	Chitinimonas
bcAd1039T--bcAd1039T	0.000992	3	222	Achromobacter
bcAd1039T--bcAd1039T	0.000992	3	31988	Aminobacter
bcAd1039T--bcAd1039T	0.000992	3	34072	Variovorax
bcAd1039T--bcAd1039T	0.000992	3	152161	Stappia
bcAd1039T--bcAd1039T	0.000992	3	354349	Pseudochrobactrum
bcAd1039T--bcAd1039T	0.000992	3	1822464	Paraburkholderia
bcAd1039T--bcAd1039T	0.000992	3	2675231	Mesobacillus
bcAd1039T--bcAd1039T	0.000661	2	1041	Erythrobacter
bcAd1039T--bcAd1039T	0.000661	2	1279	Staphylococcus
bcAd1039T--bcAd1039T	0.000661	2	34008	Rhodovulum
bcAd1039T--bcAd1039T	0.000661	2	44013	Polynucleobacter
bcAd1039T--bcAd1039T	0.000661	2	44249	Paenibacillus
bcAd1039T--bcAd1039T	0.000661	2	76831	Myroides
bcAd1039T--bcAd1039T	0.000661	2	79328	Chitinophaga
bcAd1039T--bcAd1039T	0.000661	2	84567	Pedobacter
bcAd1039T--bcAd1039T	0.000661	2	423349	Mucilaginibacter
bcAd1039T--bcAd1039T	0.000661	2	1525371	Neorhizobium
bcAd1039T--bcAd1039T	0.000661	2	1649486	Rhizorhabdus
bcAd1039T--bcAd1039T	0.000661	2	1763827	Hankyongella
bcAd1039T--bcAd1039T	0.000661	2	1903858	Pseudorhizobium
bcAd1039T--bcAd1039T	0.000661	2	3114547	Rhizosphaericola
bcAd1039T--bcAd1039T	0.000331	1	68	Lysobacter
bcAd1039T--bcAd1039T	0.000331	1	407	Methylobacterium
bcAd1039T--bcAd1039T	0.000331	1	528	Ochrobactrum
bcAd1039T--bcAd1039T	0.000331	1	745	Pasteurella
bcAd1039T--bcAd1039T	0.000331	1	963	Herbaspirillum
bcAd1039T--bcAd1039T	0.000331	1	2370	Xylella
bcAd1039T--bcAd1039T	0.000331	1	29580	Janthinobacterium
bcAd1039T--bcAd1039T	0.000331	1	40323	Stenotrophomonas
bcAd1039T--bcAd1039T	0.000331	1	41275	Brevundimonas
bcAd1039T--bcAd1039T	0.000331	1	43947	Tolumonas
bcAd1039T--bcAd1039T	0.000331	1	46913	Devosia
bcAd1039T--bcAd1039T	0.000331	1	48736	Ralstonia
bcAd1039T--bcAd1039T	0.000331	1	52972	Polaromonas
bcAd1039T--bcAd1039T	0.000331	1	73778	Methylocaldum
bcAd1039T--bcAd1039T	0.000331	1	83654	Leclercia
bcAd1039T--bcAd1039T	0.000331	1	93217	Pandoraea
bcAd1039T--bcAd1039T	0.000331	1	125216	Roseomonas
bcAd1039T--bcAd1039T	0.000331	1	166953	Kaistia
bcAd1039T--bcAd1039T	0.000331	1	191028	Leisingera
bcAd1039T--bcAd1039T	0.000331	1	201096	Alicycliphilus
bcAd1039T--bcAd1039T	0.000331	1	228398	Streptacidiphilus
bcAd1039T--bcAd1039T	0.000331	1	263377	Salipiger
bcAd1039T--bcAd1039T	0.000331	1	364316	Verminephrobacter
bcAd1039T--bcAd1039T	0.000331	1	391952	Aquincola
bcAd1039T--bcAd1039T	0.000331	1	478070	Labrenzia
bcAd1039T--bcAd1039T	0.000331	1	1330547	Kosakonia
bcAd1039T--bcAd1039T	0.000331	1	1543705	Nitrospirillum
bcAd1039T--bcAd1039T	0.000331	1	1632780	Phreatobacter
bcAd1039T--bcAd1039T	0.000331	1	1649298	Siccibacter
bcAd1039T--bcAd1039T	0.000331	1	1760987	Methylomagnum
bcAd1039T--bcAd1039T	0.000331	1	1769012	Arachidicoccus
bcAd1039T--bcAd1039T	0.000331	1	1775705	Frigidibacter
bcAd1039T--bcAd1039T	0.000331	1	2172100	Limnobaculum
bcAd1039T--bcAd1039T	0.000331	1	2603324	Acidibrevibacterium
bcAd1039T--bcAd1039T	0.000331	1	2608728	Acidisarcina
bcAd1039T--bcAd1039T	0.000331	1	2715289	Amniculibacterium
bcAd1039T--bcAd1039T	0.000331	1	2822410	Methylotuvimicrobium
bcAd1039T--bcAd1039T	0.002645	8	10239	Viruses
bcAd1039T--bcAd1039T	3.088928	9342	NA	cannot be assigned to a (non-viral) genus
bcAd1039T--bcAd1039T	0.059848	181	NA	unclassified
sample	percent	reads	taxon_id	taxon_name
bcAd1046T--bcAd1046T	27.599789	44994	469	Acinetobacter
bcAd1046T--bcAd1046T	17.869259	29131	1350	Enterococcus
bcAd1046T--bcAd1046T	16.004490	26091	544	Citrobacter
bcAd1046T--bcAd1046T	10.310202	16808	265	Paracoccus
bcAd1046T--bcAd1046T	4.696270	7656	191	Azospirillum
bcAd1046T--bcAd1046T	2.784883	4540	642	Aeromonas
bcAd1046T--bcAd1046T	2.782429	4536	6	Azorhizobium
bcAd1046T--bcAd1046T	0.928703	1514	186650	Microvirga
bcAd1046T--bcAd1046T	0.617704	1007	535	Chromobacterium
bcAd1046T--bcAd1046T	0.466192	760	517	Bordetella
bcAd1046T--bcAd1046T	0.432454	705	1637	Listeria
bcAd1046T--bcAd1046T	0.249658	407	1279	Staphylococcus
bcAd1046T--bcAd1046T	0.225735	368	561	Escherichia
bcAd1046T--bcAd1046T	0.065635	107	590	Salmonella
bcAd1046T--bcAd1046T	0.052140	85	662	Vibrio
bcAd1046T--bcAd1046T	0.012882	21	286	Pseudomonas
bcAd1046T--bcAd1046T	0.012882	21	374	Bradyrhizobium
bcAd1046T--bcAd1046T	0.012268	20	581	Morganella
bcAd1046T--bcAd1046T	0.011655	19	379	Rhizobium
bcAd1046T--bcAd1046T	0.011041	18	2675231	Mesobacillus
bcAd1046T--bcAd1046T	0.008588	14	570	Klebsiella
bcAd1046T--bcAd1046T	0.007974	13	68287	Mesorhizobium
bcAd1046T--bcAd1046T	0.007974	13	85413	Bosea
bcAd1046T--bcAd1046T	0.006748	11	620	Shigella
bcAd1046T--bcAd1046T	0.006748	11	919	Thiobacillus
bcAd1046T--bcAd1046T	0.006748	11	1381133	Candidatus Profftella
bcAd1046T--bcAd1046T	0.005521	9	204447	Skermanella
bcAd1046T--bcAd1046T	0.004907	8	28209	Chelatococcus
bcAd1046T--bcAd1046T	0.004907	8	165695	Sphingobium
bcAd1046T--bcAd1046T	0.004907	8	478070	Labrenzia
bcAd1046T--bcAd1046T	0.004294	7	434	Acetobacter
bcAd1046T--bcAd1046T	0.004294	7	1158	Oscillatoria
bcAd1046T--bcAd1046T	0.004294	7	33057	Thauera
bcAd1046T--bcAd1046T	0.004294	7	152161	Stappia
bcAd1046T--bcAd1046T	0.003680	6	407	Methylobacterium
bcAd1046T--bcAd1046T	0.003680	6	1386	Bacillus
bcAd1046T--bcAd1046T	0.003680	6	28105	Sinorhizobium
bcAd1046T--bcAd1046T	0.003680	6	73778	Methylocaldum
bcAd1046T--bcAd1046T	0.003680	6	1445504	Gynuella
bcAd1046T--bcAd1046T	0.003067	5	68	Lysobacter
bcAd1046T--bcAd1046T	0.003067	5	133	Methylocystis
bcAd1046T--bcAd1046T	0.003067	5	13134	Magnetospirillum
bcAd1046T--bcAd1046T	0.003067	5	32008	Burkholderia
bcAd1046T--bcAd1046T	0.003067	5	228398	Streptacidiphilus
bcAd1046T--bcAd1046T	0.002454	4	357	Agrobacterium
bcAd1046T--bcAd1046T	0.002454	4	1177	Nostoc
bcAd1046T--bcAd1046T	0.002454	4	293088	Martelella
bcAd1046T--bcAd1046T	0.002454	4	504465	Rhodovastum
bcAd1046T--bcAd1046T	0.002454	4	1827478	Youhaiella
bcAd1046T--bcAd1046T	0.002454	4	1866954	Varunaivibrio
bcAd1046T--bcAd1046T	0.001840	3	222	Achromobacter
bcAd1046T--bcAd1046T	0.001840	3	568	Hafnia
bcAd1046T--bcAd1046T	0.001840	3	1073	Rhodopseudomonas
bcAd1046T--bcAd1046T	0.001840	3	1883	Streptomyces
bcAd1046T--bcAd1046T	0.001840	3	13687	Sphingomonas
bcAd1046T--bcAd1046T	0.001840	3	34008	Rhodovulum
bcAd1046T--bcAd1046T	0.001840	3	46913	Devosia
bcAd1046T--bcAd1046T	0.001840	3	106589	Cupriavidus
bcAd1046T--bcAd1046T	0.001840	3	231454	Dyella
bcAd1046T--bcAd1046T	0.001840	3	335405	Sphingosinicella
bcAd1046T--bcAd1046T	0.001840	3	449972	Chelativorans
bcAd1046T--bcAd1046T	0.001840	3	1804663	Haematospirillum
bcAd1046T--bcAd1046T	0.001840	3	2915177	Sulfidibacter
bcAd1046T--bcAd1046T	0.001840	3	3029205	Abyssibius
bcAd1046T--bcAd1046T	0.001227	2	99	Ancylobacter
bcAd1046T--bcAd1046T	0.001227	2	234	Brucella
bcAd1046T--bcAd1046T	0.001227	2	338	Xanthomonas
bcAd1046T--bcAd1046T	0.001227	2	1033	Afipia
bcAd1046T--bcAd1046T	0.001227	2	1060	Rhodobacter
bcAd1046T--bcAd1046T	0.001227	2	1129	Synechococcus
bcAd1046T--bcAd1046T	0.001227	2	28453	Sphingobacterium
bcAd1046T--bcAd1046T	0.001227	2	40323	Stenotrophomonas
bcAd1046T--bcAd1046T	0.001227	2	44249	Paenibacillus
bcAd1046T--bcAd1046T	0.001227	2	80865	Delftia
bcAd1046T--bcAd1046T	0.001227	2	240411	Chitinimonas
bcAd1046T--bcAd1046T	0.001227	2	551759	Aromatoleum
bcAd1046T--bcAd1046T	0.001227	2	1525371	Neorhizobium
bcAd1046T--bcAd1046T	0.001227	2	1760987	Methylomagnum
bcAd1046T--bcAd1046T	0.001227	2	2211641	Yoonia
bcAd1046T--bcAd1046T	0.001227	2	2282523	Methylorubrum
bcAd1046T--bcAd1046T	0.001227	2	2905123	Paraneptunicella
bcAd1046T--bcAd1046T	0.000613	1	32	Myxococcus
bcAd1046T--bcAd1046T	0.000613	1	81	Hyphomicrobium
bcAd1046T--bcAd1046T	0.000613	1	279	Xanthobacter
bcAd1046T--bcAd1046T	0.000613	1	528	Ochrobactrum
bcAd1046T--bcAd1046T	0.000613	1	547	Enterobacter
bcAd1046T--bcAd1046T	0.000613	1	579	Kluyvera
bcAd1046T--bcAd1046T	0.000613	1	31988	Aminobacter
bcAd1046T--bcAd1046T	0.000613	1	33969	Melissococcus
bcAd1046T--bcAd1046T	0.000613	1	43773	Syntrophus
bcAd1046T--bcAd1046T	0.000613	1	59753	Alcanivorax
bcAd1046T--bcAd1046T	0.000613	1	74030	Roseovarius
bcAd1046T--bcAd1046T	0.000613	1	76831	Myroides
bcAd1046T--bcAd1046T	0.000613	1	83461	Corallococcus
bcAd1046T--bcAd1046T	0.000613	1	106591	Ensifer
bcAd1046T--bcAd1046T	0.000613	1	111830	Defluviicoccus
bcAd1046T--bcAd1046T	0.000613	1	125216	Roseomonas
bcAd1046T--bcAd1046T	0.000613	1	149698	Massilia
bcAd1046T--bcAd1046T	0.000613	1	152053	Starkeya
bcAd1046T--bcAd1046T	0.000613	1	174951	Ramlibacter
bcAd1046T--bcAd1046T	0.000613	1	184923	Methylocapsa
bcAd1046T--bcAd1046T	0.000613	1	305976	Pusillimonas
bcAd1046T--bcAd1046T	0.000613	1	308865	Elizabethkingia
bcAd1046T--bcAd1046T	0.000613	1	323620	Shinella
bcAd1046T--bcAd1046T	0.000613	1	401469	Undibacterium
bcAd1046T--bcAd1046T	0.000613	1	413496	Cronobacter
bcAd1046T--bcAd1046T	0.000613	1	875170	Celeribacter
bcAd1046T--bcAd1046T	0.000613	1	983507	Ponticoccus
bcAd1046T--bcAd1046T	0.000613	1	991903	Polymorphum
bcAd1046T--bcAd1046T	0.000613	1	1082930	Pelagibacterium
bcAd1046T--bcAd1046T	0.000613	1	1524249	Pseudohongiella
bcAd1046T--bcAd1046T	0.000613	1	1612611	Pararhizobium
bcAd1046T--bcAd1046T	0.000613	1	1632780	Phreatobacter
bcAd1046T--bcAd1046T	0.000613	1	2815296	Jejubacter
bcAd1046T--bcAd1046T	0.000613	1	2838250	Kaustia
bcAd1046T--bcAd1046T	0.006748	11	10239	Viruses
bcAd1046T--bcAd1046T	14.591805	23788	NA	cannot be assigned to a (non-viral) genus
bcAd1046T--bcAd1046T	0.057047	93	NA	unclassified
sample	percent	reads	taxon_id	taxon_name
bcAd1063T--bcAd1063T	37.271595	113432	544	Citrobacter
bcAd1063T--bcAd1063T	23.396278	71204	469	Acinetobacter
bcAd1063T--bcAd1063T	11.665609	35503	265	Paracoccus
bcAd1063T--bcAd1063T	4.656650	14172	191	Azospirillum
bcAd1063T--bcAd1063T	2.201164	6699	1350	Enterococcus
bcAd1063T--bcAd1063T	2.048045	6233	642	Aeromonas
bcAd1063T--bcAd1063T	1.353754	4120	6	Azorhizobium
bcAd1063T--bcAd1063T	0.793523	2415	186650	Microvirga
bcAd1063T--bcAd1063T	0.615104	1872	517	Bordetella
bcAd1063T--bcAd1063T	0.342710	1043	561	Escherichia
bcAd1063T--bcAd1063T	0.170205	518	590	Salmonella
bcAd1063T--bcAd1063T	0.131432	400	1637	Listeria
bcAd1063T--bcAd1063T	0.055859	170	662	Vibrio
bcAd1063T--bcAd1063T	0.035487	108	1279	Staphylococcus
bcAd1063T--bcAd1063T	0.023329	71	570	Klebsiella
bcAd1063T--bcAd1063T	0.023329	71	581	Morganella
bcAd1063T--bcAd1063T	0.019386	59	535	Chromobacterium
bcAd1063T--bcAd1063T	0.014786	45	568	Hafnia
bcAd1063T--bcAd1063T	0.012486	38	308865	Elizabethkingia
bcAd1063T--bcAd1063T	0.011829	36	68287	Mesorhizobium
bcAd1063T--bcAd1063T	0.011172	34	620	Shigella
bcAd1063T--bcAd1063T	0.010515	32	379	Rhizobium
bcAd1063T--bcAd1063T	0.010186	31	286	Pseudomonas
bcAd1063T--bcAd1063T	0.009857	30	374	Bradyrhizobium
bcAd1063T--bcAd1063T	0.008215	25	204447	Skermanella
bcAd1063T--bcAd1063T	0.007886	24	85413	Bosea
bcAd1063T--bcAd1063T	0.006900	21	106589	Cupriavidus
bcAd1063T--bcAd1063T	0.006572	20	152161	Stappia
bcAd1063T--bcAd1063T	0.006243	19	919	Thiobacillus
bcAd1063T--bcAd1063T	0.006243	19	32008	Burkholderia
bcAd1063T--bcAd1063T	0.005914	18	28105	Sinorhizobium
bcAd1063T--bcAd1063T	0.005257	16	1158	Oscillatoria
bcAd1063T--bcAd1063T	0.005257	16	73778	Methylocaldum
bcAd1063T--bcAd1063T	0.004929	15	40323	Stenotrophomonas
bcAd1063T--bcAd1063T	0.004929	15	1804663	Haematospirillum
bcAd1063T--bcAd1063T	0.004272	13	547	Enterobacter
bcAd1063T--bcAd1063T	0.004272	13	44249	Paenibacillus
bcAd1063T--bcAd1063T	0.004272	13	165695	Sphingobium
bcAd1063T--bcAd1063T	0.004272	13	478070	Labrenzia
bcAd1063T--bcAd1063T	0.003943	12	68	Lysobacter
bcAd1063T--bcAd1063T	0.003614	11	1883	Streptomyces
bcAd1063T--bcAd1063T	0.003614	11	1525371	Neorhizobium
bcAd1063T--bcAd1063T	0.002957	9	1177	Nostoc
bcAd1063T--bcAd1063T	0.002957	9	34008	Rhodovulum
bcAd1063T--bcAd1063T	0.002957	9	228398	Streptacidiphilus
bcAd1063T--bcAd1063T	0.002629	8	231454	Dyella
bcAd1063T--bcAd1063T	0.002629	8	1381133	Candidatus Profftella
bcAd1063T--bcAd1063T	0.002629	8	1827478	Youhaiella
bcAd1063T--bcAd1063T	0.002300	7	234	Brucella
bcAd1063T--bcAd1063T	0.002300	7	357	Agrobacterium
bcAd1063T--bcAd1063T	0.002300	7	579	Kluyvera
bcAd1063T--bcAd1063T	0.002300	7	2282523	Methylorubrum
bcAd1063T--bcAd1063T	0.001971	6	1073	Rhodopseudomonas
bcAd1063T--bcAd1063T	0.001971	6	28209	Chelatococcus
bcAd1063T--bcAd1063T	0.001971	6	28453	Sphingobacterium
bcAd1063T--bcAd1063T	0.001971	6	80865	Delftia
bcAd1063T--bcAd1063T	0.001971	6	991903	Polymorphum
bcAd1063T--bcAd1063T	0.001643	5	222	Achromobacter
bcAd1063T--bcAd1063T	0.001643	5	407	Methylobacterium
bcAd1063T--bcAd1063T	0.001643	5	1386	Bacillus
bcAd1063T--bcAd1063T	0.001643	5	1445504	Gynuella
bcAd1063T--bcAd1063T	0.001314	4	20	Phenylobacterium
bcAd1063T--bcAd1063T	0.001314	4	745	Pasteurella
bcAd1063T--bcAd1063T	0.001314	4	1129	Synechococcus
bcAd1063T--bcAd1063T	0.001314	4	13134	Magnetospirillum
bcAd1063T--bcAd1063T	0.001314	4	46913	Devosia
bcAd1063T--bcAd1063T	0.001314	4	551759	Aromatoleum
bcAd1063T--bcAd1063T	0.001314	4	1612611	Pararhizobium
bcAd1063T--bcAd1063T	0.001314	4	2915177	Sulfidibacter
bcAd1063T--bcAd1063T	0.000986	3	81	Hyphomicrobium
bcAd1063T--bcAd1063T	0.000986	3	13687	Sphingomonas
bcAd1063T--bcAd1063T	0.000986	3	33057	Thauera
bcAd1063T--bcAd1063T	0.000986	3	335405	Sphingosinicella
bcAd1063T--bcAd1063T	0.000986	3	2675231	Mesobacillus
bcAd1063T--bcAd1063T	0.000986	3	3029205	Abyssibius
bcAd1063T--bcAd1063T	0.000657	2	123	Pirellula
bcAd1063T--bcAd1063T	0.000657	2	133	Methylocystis
bcAd1063T--bcAd1063T	0.000657	2	279	Xanthobacter
bcAd1063T--bcAd1063T	0.000657	2	338	Xanthomonas
bcAd1063T--bcAd1063T	0.000657	2	434	Acetobacter
bcAd1063T--bcAd1063T	0.000657	2	528	Ochrobactrum
bcAd1063T--bcAd1063T	0.000657	2	34072	Variovorax
bcAd1063T--bcAd1063T	0.000657	2	48736	Ralstonia
bcAd1063T--bcAd1063T	0.000657	2	93217	Pandoraea
bcAd1063T--bcAd1063T	0.000657	2	125216	Roseomonas
bcAd1063T--bcAd1063T	0.000657	2	504465	Rhodovastum
bcAd1063T--bcAd1063T	0.000657	2	1330547	Kosakonia
bcAd1063T--bcAd1063T	0.000657	2	1760987	Methylomagnum
bcAd1063T--bcAd1063T	0.000657	2	1866954	Varunaivibrio
bcAd1063T--bcAd1063T	0.000657	2	2905123	Paraneptunicella
bcAd1063T--bcAd1063T	0.000329	1	99	Ancylobacter
bcAd1063T--bcAd1063T	0.000329	1	551	Erwinia
bcAd1063T--bcAd1063T	0.000329	1	586	Providencia
bcAd1063T--bcAd1063T	0.000329	1	613	Serratia
bcAd1063T--bcAd1063T	0.000329	1	657	Photobacterium
bcAd1063T--bcAd1063T	0.000329	1	914	Nitrosomonas
bcAd1063T--bcAd1063T	0.000329	1	1033	Afipia
bcAd1063T--bcAd1063T	0.000329	1	43773	Syntrophus
bcAd1063T--bcAd1063T	0.000329	1	44013	Polynucleobacter
bcAd1063T--bcAd1063T	0.000329	1	53392	Thiodictyon
bcAd1063T--bcAd1063T	0.000329	1	54066	Xylophilus
bcAd1063T--bcAd1063T	0.000329	1	74030	Roseovarius
bcAd1063T--bcAd1063T	0.000329	1	83654	Leclercia
bcAd1063T--bcAd1063T	0.000329	1	90243	Oligella
bcAd1063T--bcAd1063T	0.000329	1	93681	Roseateles
bcAd1063T--bcAd1063T	0.000329	1	152053	Starkeya
bcAd1063T--bcAd1063T	0.000329	1	156885	Thioflavicoccus
bcAd1063T--bcAd1063T	0.000329	1	158876	Yokenella
bcAd1063T--bcAd1063T	0.000329	1	196013	Caldimonas
bcAd1063T--bcAd1063T	0.000329	1	202907	Collimonas
bcAd1063T--bcAd1063T	0.000329	1	204476	Labrys
bcAd1063T--bcAd1063T	0.000329	1	248744	Marvinbryantia
bcAd1063T--bcAd1063T	0.000329	1	293088	Martelella
bcAd1063T--bcAd1063T	0.000329	1	305976	Pusillimonas
bcAd1063T--bcAd1063T	0.000329	1	323620	Shinella
bcAd1063T--bcAd1063T	0.000329	1	395331	Methanoregula
bcAd1063T--bcAd1063T	0.000329	1	449972	Chelativorans
bcAd1063T--bcAd1063T	0.000329	1	875170	Celeribacter
bcAd1063T--bcAd1063T	0.000329	1	983507	Ponticoccus
bcAd1063T--bcAd1063T	0.000329	1	1335483	Shimwellia
bcAd1063T--bcAd1063T	0.000329	1	1508657	Ruminiclostridium
bcAd1063T--bcAd1063T	0.000329	1	1543705	Nitrospirillum
bcAd1063T--bcAd1063T	0.000329	1	1653176	Cereibacter
bcAd1063T--bcAd1063T	0.000329	1	1734920	Pseudorhodoplanes
bcAd1063T--bcAd1063T	0.000329	1	1769726	Niveibacterium
bcAd1063T--bcAd1063T	0.000329	1	1903434	Atlantibacter
bcAd1063T--bcAd1063T	0.000329	1	2093783	Methylomusa
bcAd1063T--bcAd1063T	0.000329	1	2478349	Indioceanicola
bcAd1063T--bcAd1063T	0.000329	1	2705399	Hypericibacter
bcAd1063T--bcAd1063T	0.000329	1	2726810	Scandinavium
bcAd1063T--bcAd1063T	0.000329	1	2911176	Aquibium
bcAd1063T--bcAd1063T	0.002629	8	10239	Viruses
bcAd1063T--bcAd1063T	14.875518	45272	NA	cannot be assigned to a (non-viral) genus
bcAd1063T--bcAd1063T	0.058816	179	NA	unclassified
